section,label,mean_L_mean,mean_L_median,mean_L_std,mean_L_min,mean_L_max,mean_a_mean,mean_a_median,mean_a_std,mean_a_min,mean_a_max,mean_b_mean,mean_b_median,mean_b_std,mean_b_min,mean_b_max,std_L_mean,std_L_median,std_L_std,std_L_min,std_L_max,std_a_mean,std_a_median,std_a_std,std_a_min,std_a_max,std_b_mean,std_b_median,std_b_std,std_b_min,std_b_max,mean_R_mean,mean_R_median,mean_R_std,mean_R_min,mean_R_max,mean_G_mean,mean_G_median,mean_G_std,mean_G_min,mean_G_max,mean_B_mean,mean_B_median,mean_B_std,mean_B_min,mean_B_max,mean_H_mean,mean_H_median,mean_H_std,mean_H_min,mean_H_max,mean_S_mean,mean_S_median,mean_S_std,mean_S_min,mean_S_max,mean_V_mean,mean_V_median,mean_V_std,mean_V_min,mean_V_max,glcm_contrast_mean,glcm_contrast_median,glcm_contrast_std,glcm_contrast_min,glcm_contrast_max,glcm_dissimilarity_mean,glcm_dissimilarity_median,glcm_dissimilarity_std,glcm_dissimilarity_min,glcm_dissimilarity_max,glcm_homogeneity_mean,glcm_homogeneity_median,glcm_homogeneity_std,glcm_homogeneity_min,glcm_homogeneity_max,glcm_ASM_mean,glcm_ASM_median,glcm_ASM_std,glcm_ASM_min,glcm_ASM_max,glcm_energy_mean,glcm_energy_median,glcm_energy_std,glcm_energy_min,glcm_energy_max,glcm_correlation_mean,glcm_correlation_median,glcm_correlation_std,glcm_correlation_min,glcm_correlation_max,entropy_mean,entropy_median,entropy_std,entropy_min,entropy_max,variance_mean,variance_median,variance_std,variance_min,variance_max,sample_number
=== By Label ===,,,,,,,,,,,,,,,,,,,,,,,,,,,,,,,,,,,,,,,,,,,,,,,,,,,,,,,,,,,,,,,,,,,,,,,,,,,,,,,,,,,,,,,,,,,,,,,,,,,,,,
,fresh,118.38658770385145,118.88472576530611,15.96716680372995,80.73311941964286,150.23214285714286,142.7077052258005,140.20521763392858,8.220382618665063,130.1696229272959,161.30606265943877,136.92837242629935,136.3584980867347,3.3347917794688744,130.6543566645408,147.9074258609694,24.309778962884018,23.80231803959539,6.957623358542404,14.849732248724893,45.62004108402433,8.705299664868967,6.138110120096092,3.9348702244168674,3.506811271822221,16.99353883088935,5.656481689334905,5.518322809717896,1.9763166391091105,2.2318061147539354,10.70118833315874,137.08968786559208,139.4957948022959,17.14923511553653,102.55022321428572,172.57746731505102,100.22585423583578,100.8297193877551,18.145251703222645,59.84550382653061,136.60337611607142,96.59400619656036,97.16063456632654,17.874475564023342,59.23804209183673,130.73897879464286,34.792106872273855,11.069575095663266,44.466917566619,6.5239158163265305,157.94581074617346,79.17706116084969,91.10429288903062,29.645666538273602,21.827427455357142,134.63295200892858,137.16145341081628,139.6193000637755,17.14498590038518,102.58711336096938,172.67231345663265,37.237912706320515,34.156933458812055,18.837154043030555,9.95453038504417,119.56115696180817,3.0303811404966234,2.884546788235166,0.8727671343692722,1.3928162515836038,6.13541304585181,0.4689899723179161,0.4679962426400755,0.0910078732583361,0.2787970584018283,0.7738707583918454,0.07046150688721327,0.0342680033344518,0.09357105102024624,0.002230791287958,0.5194204627714395,0.22751962185304336,0.1851027585564355,0.13676211122701304,0.0472155322532468,0.7207070744850155,0.9674101929656703,0.9702618439563722,0.01073726960476682,0.9186648947620388,0.9874972089158658,5.472438238411395,5.598139678677439,0.8512648986201832,2.5021823091615465,7.367226401554523,630.5474375472913,522.3044271663744,410.28049466745074,212.99412836863667,2295.596688328957,
,not fresh,109.47760763362963,108.72474888392858,15.124196976864631,65.86312181122449,152.78517617984693,142.52155379314812,141.0266960299745,7.0928203115087705,131.15481505102042,161.12583705357142,136.30298853037309,136.6697325414541,3.0827399181547386,129.6638034119898,143.26430963010205,27.568272980269967,25.937903090679235,8.351823328000512,14.906870866102746,52.706714833739184,9.300472914454355,8.19005997845088,4.066287440447588,3.784020789044186,17.190291369870398,5.458618653753544,5.415563867726627,1.7943456457928375,2.6224541976459976,10.064978151483665,127.29711428272482,125.75645727040816,15.155376551672484,83.86114875637755,183.1639628507653,91.94015408262914,89.34284319196428,16.8650884443959,50.79581871811224,134.16320551658163,89.37361627072704,85.33264907525509,15.97391447004924,53.727857940051024,125.08872767857144,42.936951829559945,22.829958545918366,41.30988261737317,7.684032206632653,153.17135682397958,82.15131862095424,83.64881616709184,29.03880839643633,19.461973852040817,145.44056919642858,127.36992989676338,125.85612643494898,15.164903138095788,83.89716198979592,183.2755500637755,33.87029874962277,25.896795082472693,21.263384187296808,3.983150910075483,120.49514037961116,2.638602639601946,2.41155400440036,0.9993065350040738,1.0369136209326053,4.9791033697285885,0.5099627888669567,0.49172744347781555,0.09779344304097365,0.3221062233399636,0.7642076862897541,0.07433312106644788,0.04744810693456845,0.06562699496128739,0.0041402450689049,0.4360813962765395,0.24551565540399614,0.2178135958937045,0.1185641233170397,0.0642813316571681,0.6603630424344469,0.9768516103769707,0.9775795514459373,0.009025712079524758,0.9381187826367726,0.9948549557804456,5.408775868223224,5.4953718865610135,0.6582794390700625,2.870126811926946,7.034578980860977,789.3119085058831,666.2416044145461,553.2617607051152,209.98619477702204,3055.040963610626,
,spoiled,105.45199753652635,108.8461615114796,11.477475188684247,77.23780293367346,141.4441764987245,139.21637270204752,139.62784996811226,4.527978171525969,130.91202965561226,149.78888313137756,134.3565756604295,134.17428651147958,2.468478183334797,129.62326610331633,144.1825573979592,32.810631524860426,33.825989670150044,8.378217483469006,12.3194839523068,50.1151303382975,9.042401228123989,8.632886792054267,2.9683303559048753,4.408286471205735,16.944019049480573,5.48736528411625,5.581262025724131,1.5330572731973737,1.9138802486027449,10.871198567694998,117.68509816054119,119.30038265306122,11.962463408960954,92.2769850127551,158.78621253188774,91.02550317441705,93.46809231505102,11.76602159112845,61.21199378188776,125.0181959502551,88.86244818489074,88.8880540497449,11.61416909202754,58.816685267857146,115.84355070153062,41.079867970435124,26.932537468112244,34.37272102084097,6.823800223214286,115.4053332270408,71.38134014672356,77.02810108418367,21.18934201919964,25.229213169642858,122.46964684311224,117.76459927970367,119.3797831632653,11.959642090018246,92.35339604591836,158.83918606505102,45.901557788741506,40.75417640845615,31.20556588410164,5.782501335811563,192.5898047776128,2.8777876438871544,2.508051226935758,1.3222808438615006,1.052598678587952,7.774782670287976,0.5447184354238707,0.5433718783630864,0.1126572495341785,0.2987432570398143,0.7779417300047691,0.127449042892986,0.1152070100647968,0.0805147064978701,0.0055459756858136,0.3975732362643908,0.33768609919289605,0.3394138283508589,0.11584434247796344,0.074455484391698,0.6305295083767739,0.9781569093735188,0.9804897154244724,0.008846715115424238,0.9347550784664928,0.9933110661969604,5.001913053188645,5.121084256693379,0.7221040293088645,3.10176371266298,6.509056376606015,1017.7946278603597,1017.6689277150044,487.27556853208534,156.15142255026018,2370.06582898192,
,,,,,,,,,,,,,,,,,,,,,,,,,,,,,,,,,,,,,,,,,,,,,,,,,,,,,,,,,,,,,,,,,,,,,,,,,,,,,,,,,,,,,,,,,,,,,,,,,,,,,,
=== By Sample ===,,,,,,,,,,,,,,,,,,,,,,,,,,,,,,,,,,,,,,,,,,,,,,,,,,,,,,,,,,,,,,,,,,,,,,,,,,,,,,,,,,,,,,,,,,,,,,,,,,,,,,
,,113.22025775935374,112.26681082589286,5.9201199129564985,94.81114477040816,152.78517617984693,145.6445379264987,146.64929448341837,4.331070989204278,135.0730827487245,154.58888711734693,138.0094982661033,136.96275111607144,4.347742642936341,129.7697903380102,147.9074258609694,43.176915847999375,43.222916639827666,4.220437224061007,28.12053230666158,52.706714833739184,13.583618800638746,13.887175200457998,1.6449356629125602,7.336859019379973,16.91445794666301,7.685563107561607,7.637827552329975,1.7121291823501896,3.6075678459042257,10.70118833315874,135.85898387675383,134.71154536033163,10.735127436012885,99.79099569515306,183.1639628507653,93.28384599542943,94.19063895089286,6.168145516334779,72.21352838010205,130.14445153061226,90.97255191725127,92.8838189572704,7.35933371775134,69.18265704719387,125.08872767857144,52.528265339338866,59.58149314413265,28.680598069079334,6.771902901785714,101.56515066964286,93.16056069302721,94.4099270567602,18.83434733306474,52.5490872130102,128.65431680484693,135.95652207562713,134.81492147640307,10.743973113987204,99.85323660714286,183.2755500637755,85.11390796876596,83.31131383886503,19.775551401961845,53.33858986690132,192.5898047776128,4.540681197522357,4.552303967414327,0.45005177711673855,3.333041468688914,7.086126762410048,0.42381191489665626,0.43466361394240216,0.03976197340574179,0.2935169801747989,0.5460988538485921,0.07457081842343756,0.07879788431380536,0.03616750956385502,0.002230791287958,0.1847509012402768,0.265027301813277,0.2806981179555793,0.06581951705180131,0.0472155322532468,0.4298203267666397,0.9763082475573329,0.9783413220842139,0.006889860931001566,0.9323153976236752,0.9859855568473777,6.100749560809262,6.063921964166494,0.379369764828817,4.8085333984129015,7.367226401554523,1837.878650296604,1816.1377002121458,312.9693567297814,879.2578769653651,3055.040963610626,1.0
,,115.44765312388019,117.00290975765307,8.435901787138778,93.4901347257653,128.7178730867347,133.54079909621143,133.89708227040816,1.0604192360118332,130.1696229272959,134.7923509247449,132.1565715104238,131.66717155612244,1.353017150503003,129.62326610331633,134.9521484375,25.959238304997072,23.815225077948075,6.745589310022195,17.152750244441233,43.80747964848621,5.867731181873279,5.94526308280002,0.6299594570805814,4.023080283740721,7.185493695092628,4.460704630037181,4.417747145577909,1.2724922746881937,1.9138802486027449,6.480093217976009,118.38090236747917,120.54845942283163,7.710961496585457,97.56903698979592,129.10102439413265,104.19844361892959,105.30368104272961,7.929015842540742,84.44891980229592,118.37872688137756,101.14943305917684,103.7065130739796,8.253482053989707,81.78300382653062,115.92329001913264,17.041488408960994,13.519052933673468,10.999013508827357,6.815668845663265,75.38303172831633,42.48188403575268,38.90890066964286,9.476019105660557,19.461973852040817,60.95583545918368,118.4671660104259,120.67132692920919,7.719732125869735,97.65617028061224,129.2041015625,28.335943769610832,25.342932062313842,12.666883634433585,6.178477190120491,65.38989266018379,2.2535533941235624,2.1643405023082662,0.6163015428783158,1.131415037359638,3.452641015195333,0.6197597697537307,0.6196708914559969,0.05376741290412661,0.5230287513431813,0.7738707583918454,0.21940107101762624,0.1946770208389503,0.07438623268728561,0.1485303782062671,0.5194204627714395,0.46303518623124507,0.44121794192687136,0.07073124500339399,0.3853826494304418,0.7207070744850155,0.9739896657422863,0.9780780807231135,0.013699299523041752,0.9186648947620388,0.9933110661969604,4.207370373909954,4.324635480957415,0.45400181696855163,2.5021823091615465,4.667777905980304,622.2359872340552,502.9894692648554,342.72684389707985,260.4256243898391,1595.277491491668,2.0
,,123.77631474660932,125.08676458864795,6.30677996683729,108.21763392857144,137.76889349489795,142.44755045252296,142.46400669642856,3.4500837207412505,135.12555803571428,152.53659119897958,135.83342168385815,135.5213847257653,1.6632518096422169,132.93409199617346,141.65381855867346,30.635211769272424,31.38443344497808,3.877828091375756,23.855194458928683,38.85564142419849,13.362431147355059,12.903331550605134,2.496094864478299,8.430281994313544,17.190291369870398,7.140136037386908,6.519557254465105,1.6034741618209312,4.304466033345936,10.640519499444492,141.1506014658518,141.6162009725765,10.700083714406338,117.49487802933672,171.70703125,105.42406485926297,105.5650410554847,4.971813285493001,93.7632134885204,120.51690051020408,103.6099711640508,103.95746970663265,5.812794849209141,90.69256218112244,119.94076849489797,38.72945925323556,37.12152224170919,9.928923562324727,20.60220025510204,85.08980389030613,69.9902025949738,68.64019650829081,9.513238984826716,52.66444116709184,100.18253746811224,141.2330388153391,141.71560108418367,10.694869836403347,117.56463249362244,171.76102120535714,39.72583033179932,39.17430941102667,6.773826230433852,17.301061530280105,85.19478151940902,2.913525903310064,2.8508296552134875,0.25608774763829867,2.4208502269802747,3.9850477983530186,0.533135749422796,0.5443228414010003,0.048485839723487946,0.3917558915528351,0.6145675242835069,0.14356517659955054,0.15937897340513973,0.047642375084880305,0.0188108555892576,0.2522559995905507,0.3709793708351762,0.3992175382471703,0.07710792531520826,0.1371281408746809,0.5022472781962193,0.9783822055155564,0.979319609113532,0.004124742381708954,0.9610165846097082,0.9874972089158658,5.207290270282956,5.046028118362894,0.4481766914284814,4.327625171629857,6.437262191120512,935.2588753809639,970.0281920927556,174.395996761141,626.079334025083,1523.2042414209632,3.0
,,115.31889526643991,120.41479990433672,10.589923629323854,96.78471779336736,129.21125637755102,134.00344220039452,134.62338568239795,1.4759934715269045,130.91202965561226,135.93345424107142,132.62998972215252,132.9639668367347,1.2492108314109767,130.1901705994898,134.5076530612245,23.188546069904735,20.855762593967707,6.117882178440774,15.297095465202387,36.79979467004319,5.200367366202666,5.157466550685208,0.48225950693918684,4.27779331960494,6.043963919142755,4.00464590772346,4.074363275142248,0.5273193752227068,2.9105828456870944,5.11681542147265,119.60165561485864,121.16023596938776,11.408560402255,102.2523118622449,137.14999202806123,103.71062345062684,108.1911471619898,9.791307389858083,86.05277423469387,116.4277941645408,100.08043239708793,103.64441167091836,9.367497292373704,82.79041772959184,112.09901147959184,12.698859649734212,11.728914221938776,3.3808596553020682,7.448321906887755,27.524613360969383,44.67078964013884,47.37294722576531,9.002578027851357,25.229213169642858,57.48875956632653,119.66322192512591,121.24978077168367,11.415101414378059,102.27752311862244,137.19098772321428,15.02834378689357,13.25124621879164,9.640927691976367,3.983150910075483,48.30552570377881,1.3580939773212517,1.219146613933241,0.2630945810401389,1.0369136209326053,2.039667452952219,0.6648902707352559,0.6712670962139656,0.06527713586725563,0.5495835651468374,0.7779417300047691,0.14743212207747738,0.0981526933274905,0.09438260948016233,0.0627172075474569,0.3975732362643908,0.3669816512661654,0.3132857229034607,0.11302482562912793,0.2504250977580411,0.6305295083767739,0.9837931916997544,0.9859506270159194,0.007334036904957505,0.9648050395386492,0.9940055875261432,4.621853826039304,4.9515198085056,0.6832710920007558,3.10176371266298,5.517573207594503,498.48571921529015,381.3504834856306,256.98207709967403,212.99412836863667,1151.8127758557575,4.0
,,98.96137183779761,97.79702447385205,11.95144730607074,65.86312181122449,132.78559470663265,151.0689677667942,151.82458745216837,6.8616760919829005,137.9742506377551,161.30606265943877,135.43659853980657,135.25715481505102,2.1112661359551006,131.75643734056123,141.6858059630102,28.03294424282811,26.917233352951854,5.15871840166742,20.311238309364107,43.84782247053275,10.811796768740969,10.905755439048798,1.6018873176363801,6.928023053110145,15.216577032570704,4.221594396172626,4.147276112968214,0.5759300086458989,3.166580577876112,6.482597494264187,128.43469195099917,126.68619459502551,20.09314835270564,83.86114875637755,171.24250637755102,75.65577573607568,75.77956592793367,8.952918001083978,50.79581871811224,108.26682079081633,81.2249793061756,80.22954201211735,10.425651411436672,53.727857940051024,113.23644770408164,122.3094577088648,116.38485530931122,22.496609414878098,54.92420679209184,157.94581074617346,108.61246445843962,111.01234654017857,17.658483013789276,66.32037228954081,145.44056919642858,128.49462518601192,126.74336336096938,20.083235615076205,83.89716198979592,171.2815090880102,43.04538017101949,42.18557522620952,15.704391334242318,9.741136446145443,173.5165457493962,3.646657730958535,3.6923351911110127,0.7172189494194567,1.7237645000187225,7.774782670287976,0.38382275559453355,0.38018188721588886,0.04411056270189069,0.2787970584018283,0.5714277596646775,0.021959059219636107,0.008240972902848,0.02002341215885243,0.0038891398503844,0.0710102221423834,0.1329833170600694,0.0906685915130871,0.06536787913641934,0.0623132336979035,0.2664639330478882,0.9691008953435022,0.9710730206160147,0.013900579313213037,0.9248605372023644,0.9948549557804456,5.965450682498905,6.0177342604252075,0.27880869968228056,5.249979379798278,6.509056376606015,764.322189400068,706.414107559622,232.05015844302724,442.42979851507823,1619.223223939234,5.0
,,92.0365958492772,93.2989277742347,2.7922811501854827,84.87657445790816,100.19808274872447,139.7535722257653,140.2557995854592,2.144836901939296,135.2669005102041,145.46255181760205,138.52793712797617,139.30196707589286,1.4818960412454498,135.17721619897958,144.1825573979592,27.58177016630739,25.049980880332463,6.750993415150928,20.965652836085983,42.3056968073315,6.965217440094665,7.21419937844937,0.8419272658999648,5.930726122394055,8.544266706099863,6.404818494021085,6.210647351947781,0.7868048498416771,5.442982652459333,8.356494060398473,107.10679292224701,107.07058155293367,3.624722567675789,99.25255102040816,122.89058514030611,78.02096702938988,78.7387396364796,3.6855727484525427,69.01977040816327,84.7090840242347,69.62789789939413,69.17286152742346,4.074985281876402,61.591139190051024,77.35112404336735,9.80528024686437,9.708605707908163,0.7101226464755016,8.41487962372449,13.277124521683673,96.42099456579507,97.9384466677296,9.185465121585425,77.67121731505102,121.01622289540816,107.17671463116497,107.14696269132654,3.6151845963420217,99.32417889030611,122.95926339285714,29.252046533507084,25.530434418836627,9.538511496689441,19.88406785312175,56.949503743325245,2.198020654088088,2.2327559905941055,0.29686902466898735,1.7829858143638926,3.1471560680317543,0.5331919855370221,0.5085257433459225,0.07092584406280221,0.4051483481134751,0.6634839940041822,0.059329816032567,0.03248268857638445,0.05148148834112591,0.0155731088907642,0.1755990949796841,0.22578128039466616,0.1802083957985485,0.09143444586348257,0.1247775368438246,0.4190383706680579,0.977329328448904,0.9761789049250633,0.004897409654130415,0.9555512420580704,0.9848065786047224,4.754527911537253,4.835205116641021,0.22047985315777457,4.209483447208323,5.678860094674476,705.7564238225158,555.5973889240868,358.96243306020267,393.5237888743708,1521.7931627847906,6.0
,,103.55608597772404,102.8587571747449,10.272830620953249,77.23780293367346,126.89461096938776,147.0523796820202,147.55943080357142,3.6551253357764333,136.8712531887755,156.0821308992347,137.38817351952207,137.9104551977041,2.3646191743111387,131.20571588010205,142.28497688137756,30.281358638991925,28.584323825532017,5.984349419809925,19.481353026307183,46.86454739683411,11.583459382692137,11.198211734092895,1.5070757701830677,7.55483290030009,16.944019049480573,6.031887109638914,5.995585779310733,0.9107548298484905,3.624807128500045,10.871198567694998,128.1127029565254,130.12410315688774,14.107292551312854,95.4184271364796,155.60445232780611,83.25378171578275,81.40842235331633,8.908537326117312,59.49162946428572,105.61573262117346,82.35205440651467,80.92159598214286,7.561449536309586,58.58627630739796,107.29468271683672,55.092996527907324,50.34367028061224,27.191699951979846,9.818797831632653,131.8367147640306,97.10375707855698,95.484375,11.408941431436388,65.4393534757653,126.5176777742347,128.20801345989722,130.20894451530611,14.109745726146967,95.51879384566328,155.7136080994898,52.53412085642489,47.4008560549987,19.866162068987272,22.147443855519104,127.05467226116238,3.65836122923802,3.447033501937784,0.7478207771032108,1.8996968255445208,5.783303226703418,0.4242211055141247,0.4296228717548361,0.05236954284414486,0.3015986841902806,0.6165133834902877,0.044837520214361305,0.0301631820993439,0.03128742548311467,0.0055459756858136,0.1542663178489633,0.20044569335956258,0.1736582598988613,0.06828229456025635,0.074455484391698,0.3927618377292917,0.967963700258111,0.9678154560411968,0.009754596512670228,0.9452247897520608,0.9919693807871036,5.871897445489849,5.964819513779691,0.334724975973681,4.721164610405148,6.406022360869607,870.3544453210305,740.742024781554,325.26452068151013,378.11623788187774,1834.180616282662,7.0
,,125.70358215747237,116.55392020089286,18.29980798699638,101.4989237882653,150.23214285714286,137.92739384034866,137.77243104272958,1.9955026645821377,135.35505022321428,141.4082629145408,136.43296423256803,136.65262276785714,1.7727265952177407,133.14146205357142,141.63386878188774,18.26849487696719,18.006783374045476,2.2058512035624918,12.3194839523068,22.80101861045743,5.336613833674075,4.6781034004645345,1.7476803752786159,3.506811271822221,9.222682762710196,4.415708792072114,4.314311955337827,1.1301125010899291,2.2318061147539354,6.600969310196649,138.45758981717688,132.81500119579084,16.195278215586395,113.36684869260203,160.09817442602042,111.16586522108844,101.1688456632653,18.926502765984196,87.03744818239795,136.60337611607142,103.88809464019982,92.73044882015307,19.35145979836527,76.26472815688776,130.73897879464286,9.001773058832908,9.102987484056122,1.1775795077876923,6.5239158163265305,12.04559948979592,65.40423007679634,74.23191366390307,15.537796682958222,43.36082987882653,95.93983179209184,138.50487839471725,132.86515465561223,16.188128217192173,113.41677295918367,160.12930484693877,18.749732366801908,19.133508504487594,3.5658166840639827,8.127523072373764,26.12572589865687,2.1175182239599124,2.1585691209750077,0.23051610723948904,1.5876385949345626,2.4948244036248477,0.5021295230576124,0.4887526075922324,0.032318997944769785,0.4578503447068839,0.5844205363081596,0.029558909655917988,0.022604575696167403,0.0171524984367336,0.011181123583552,0.0949688335721744,0.1663602185027766,0.15033073336703928,0.04336881039286672,0.1057093797915537,0.308163744810659,0.9691943094779351,0.9678018817628355,0.008034935558466634,0.948857750067406,0.9847590131111504,5.549182003984335,5.597718721519206,0.22617347187735784,4.792861436034136,6.047816727318101,317.04679241306,318.222648131058,56.36803202473795,156.15142255026018,473.7096276320998,8.0
