sample_number,label,mean_L,mean_a,mean_b,std_L,std_a,std_b,mean_R,mean_G,mean_B,mean_H,mean_S,mean_V,glcm_contrast,glcm_dissimilarity,glcm_homogeneity,glcm_ASM,glcm_energy,glcm_correlation,entropy,variance
1,fresh,116.21314662388393,149.25012745137118,142.7437675382653,38.44501803768193,14.288357946090265,9.387723416934715,145.62397122130102,92.79802923708547,85.97088757573341,19.301448401626274,108.653564453125,145.73183235012755,72.07640915963306,4.52716715502061,0.378715520338897,0.040086189615853966,0.19944216241140644,0.9765444737337647,6.442484886950125,1539.2913810983653
1,not fresh,111.78194076849489,146.88991918447064,137.73232700892856,46.36331669226378,14.392276154530682,7.442359412524113,135.88237344547193,90.89738301179847,90.44402493223852,69.50275689572705,98.78316326530611,135.97904137436225,77.52918898229838,4.209290021223286,0.43262014551172767,0.0676518368184844,0.2566980679102271,0.9818372355895774,6.189116676204024,2130.4847839306553
1,spoiled,111.6656858856824,140.79356714365434,133.55240025111607,44.722412814052426,12.070222301295292,6.226606493225992,126.07060696348852,96.15612573740432,96.50274324378188,68.78059072066327,72.04495436065051,126.15869250239159,105.73612576436645,4.885586416323173,0.46010007883934406,0.1159744288359743,0.3389416751181976,0.9705430333486569,5.670647119273638,1843.8597858607914
2,fresh,118.69658388331658,132.6561355543638,133.4698531874871,23.659479590665935,5.244135405115234,6.008117995229711,120.73086966202202,107.59366726093847,101.90561365407905,9.946351167124046,43.80456349206349,120.83103858257319,42.08624617189754,2.961468261036775,0.6001342678648214,0.2632183208348782,0.5023552418438318,0.957050649855702,3.9904429147808798,496.4838575844227
2,not fresh,121.45695073341837,133.88462561782526,131.24811652981506,21.03196139425962,5.9966965853785315,3.267808922157572,124.45775430484693,109.5554457310268,108.05003657126913,15.483623943718111,35.72755241549745,124.5496286073023,17.94321201357816,1.8238932969821746,0.6261314855659359,0.18993933541646907,0.43428253480727624,0.9772249178889391,4.362445060054213,393.5274061507913
2,spoiled,106.2219140625,134.0727894810268,131.7648776307398,33.16327634292235,6.356125597358492,4.121661106376187,109.97758280851403,95.48017010124362,93.50021075813137,25.623538743622447,47.92676299426021,110.04446956712373,25.115876147379666,1.9823777730208696,0.6328173008115459,0.20548372929970388,0.452860982598753,0.9875240393233519,4.267053872303478,975.4391766704554
3,fresh,130.12089698498573,145.25855260668888,136.26126492373962,28.154558489447037,13.248218957061752,6.0913699235917615,152.51117473273737,109.57621173469387,108.86673890954687,50.479872374664915,74.72224194563948,152.57681182576314,35.16918364796667,2.9897421491190164,0.4740110479644846,0.08463965322458751,0.27244339103748505,0.97872226022371,5.74891533329391,837.5892423106731
3,not fresh,126.28199009486607,142.95091816804847,136.11168486926022,28.506971812421213,14.845310331363603,7.862501694064353,144.18732461734692,107.09773915816326,105.46071239237882,37.006519650829084,68.8048672672194,144.28151088169642,39.99534049963867,2.7789416580950195,0.5571737376373433,0.16066537212021165,0.39979288120369266,0.975941213928768,5.021880740540064,840.7076205355959
3,spoiled,117.52733587771047,140.28569146603954,135.302730986926,34.227037161220615,11.946937155619567,7.0365423878485975,131.41114008689414,101.30062390385841,98.6577369658801,33.51965511399872,68.38363470583546,131.49174067283164,42.14474170742125,3.0031425634978266,0.5439813350686523,0.16123103987011767,0.4003020885472975,0.9806225648245342,5.073141012849384,1087.4352137378037
4,fresh,126.18096274447278,135.1381732302296,133.60447079613095,16.685496437599,5.682880243596082,4.261125011217584,132.82178093112245,113.17526519982994,108.58948873299319,12.114613360969388,46.26326822916667,132.88621120323128,13.263245941964005,1.7457616365522934,0.5789986892753364,0.08750797999477285,0.2941509581683902,0.9735617518213006,5.038365993088483,251.09285946815686
4,not fresh,106.22668556680485,134.75473951690051,133.12791972257654,25.54587732792939,5.016635541870804,3.9196086460377306,112.16981415417729,94.67635572783801,90.77173349808675,14.840927634725766,53.06260044642857,112.21143753985969,11.136993536104164,1.1713232908749442,0.6648034204843899,0.08528276961156024,0.291049180255124,0.9904961460992087,5.084401005694263,577.7948253047571
4,spoiled,116.26930641328453,132.39304462362836,131.3950240880743,25.72116513141694,5.021319292119049,3.896784534924601,117.10592443243002,105.65613743141729,103.02204711776356,10.986414153836785,35.03644818480156,117.18537511777639,20.269724324066008,1.253591406490122,0.7297199555049099,0.25506273416586484,0.49819319984342453,0.984768694724263,3.8430283939369496,605.2551048644189
5,fresh,109.87446528220664,156.70242097815688,136.74507493622448,23.353126956356018,11.629572967150578,4.423012376940791,148.1523888911033,81.14860162228955,89.19671715561225,135.70277662627552,117.04383659518494,148.1970140106824,42.84998514863656,3.6546744851516735,0.36227027113973037,0.006305376486443243,0.07864453244826225,0.9602499865843191,6.219114090028309,568.8782693692239
5,not fresh,94.57167151626275,153.10183533960458,136.19492287149234,27.814879137637753,11.139095818594035,4.2999384035989445,126.70760303730867,69.70926428970026,76.1004948580995,129.8337417291135,119.55835788026148,126.76574228714924,34.32139906586231,3.148597829140345,0.40704799215510445,0.016766723742383867,0.11750571674082674,0.9749380651259791,5.961825153997701,759.3133004452218
5,spoiled,92.43797871492346,143.40264698262118,133.36979781170282,32.93082663449056,9.666721520478294,3.9418324079781395,110.44408392458547,76.10946129623724,78.37772590481505,101.39185477120536,89.23519889987244,110.52111926020409,51.96475629855961,4.1367008785835875,0.3821500034887659,0.04280507743008121,0.20279970199111927,0.9721146343202085,5.715412803470708,964.7749983857582
6,fresh,92.56125627790179,139.7188364955357,138.77361916055486,23.157003959721532,6.060358927719786,5.6772576295883095,108.09979681521047,78.37985491071429,69.30974330357144,9.305171197385203,96.03618582589286,108.15278220663265,25.608030694557193,2.5282825457507334,0.47074655607590243,0.02904863253258795,0.17005256193093338,0.9726488838755988,4.902377681337785,475.66375114919543
6,not fresh,92.21421605947066,141.04122110172193,139.58337123325893,24.063694645061027,6.923400768173566,6.25072495074837,109.6244944794324,77.12881536989795,67.87033272879465,9.632035534917092,102.02166882573341,109.69156180245537,23.89395697706209,2.2040478358103575,0.5091776358520715,0.033679297693570115,0.18206793940750413,0.9765035874853177,4.828448609849579,517.6749026503854
6,spoiled,91.3343152104592,138.50065908003825,137.2268209901148,35.52461189413962,7.911892624390643,7.286472901726578,103.5960874720982,78.5542308075574,71.70361766581632,10.478634008290816,91.20512904575894,103.68579988440689,38.25415192890197,1.8617315807031745,0.6196517646830925,0.11526151787154293,0.3252233398455609,0.9828355139857952,4.532757443424395,1123.9306176679663
7,fresh,114.1022074406931,147.02473131312476,138.5740862910853,24.806054720309056,11.116189080336605,6.187133120684904,139.73662232750243,93.18468229925898,89.83264948198668,33.48035676324101,92.52603475222998,139.8432809029224,40.68178442595695,3.1949522936120127,0.4258585514438436,0.031610569689605364,0.17598161647158178,0.9645843257324574,5.938068662461189,588.341643309541
7,not fresh,102.19193468989158,150.11938905054208,138.7634547393176,28.516891770876637,11.600809638538951,6.109721834347417,131.51542729591836,79.43987832828444,78.87865642936862,57.034559151785714,107.79654296875,131.60141551737883,46.57361995913098,3.631993970377658,0.39637342535221265,0.021881858656024888,0.14608370012473754,0.9684103951377875,6.15204550987553,770.2235093261162
7,spoiled,97.16883799027424,144.00569186463647,135.14124641262754,36.07017388733913,11.909552799076634,5.839946566811609,116.1663978794643,79.76847317442602,80.32721500318877,69.03672413105868,89.77559709821429,116.26268983179209,67.20608903011272,4.025334055783496,0.45086526291769324,0.07751499040839334,0.27278878310705357,0.9700008456547897,5.543113536630235,1177.7647907943897
8,fresh,144.97058215082907,136.10962482063138,134.55188207509568,16.012792567856696,4.083949898863644,3.1897180393741404,154.8345806760204,131.2292885044643,125.37225835060586,8.17280422911352,47.49562290736607,154.87152273995537,20.287680195297344,2.3461059620599514,0.48062731111860146,0.022982060776300935,0.15125387473073423,0.9612425989403123,5.613146002058475,264.5368202493231
8,not fresh,121.0954716398278,137.42978236607144,137.66211126833548,18.70259106171032,4.489558477184678,4.516285366549856,133.83212292729593,107.01635104432398,97.41293875558036,10.161450095663264,71.4557958984375,133.87910116390307,19.56867896330735,2.1407332143117856,0.48637446837686815,0.01879777447287881,0.13664522278258082,0.9694613217601881,5.670044189570421,324.7689197035424
8,spoiled,111.04469268176021,140.2427743343431,137.08489935427298,20.090101001334553,7.436333124973906,5.541122970292346,126.7060658482143,95.25195611447704,88.87908681441326,8.671064851721939,77.26127142458546,126.76401128029336,16.392837941801034,1.8657154955080009,0.5393867896773673,0.046896893718574216,0.21118155799501473,0.9768790077333044,5.364355820324108,361.83463728631455
