feature,p_value,effect_size,consistency_pct,rank_p,rank_effect,rank_consistency,composite_score,overall_rank
mean_R,9.606897122293968e-05,0.3167,100.0,1.0,4.0,10.5,5.166666666666667,1
variance,0.002187491118182885,0.7656,100.0,5.5,1.5,10.5,5.833333333333333,3
std_L,0.002187491118182885,0.7656,100.0,5.5,1.5,10.5,5.833333333333333,3
mean_V,9.656950426712754e-05,0.3165,100.0,2.0,5.0,10.5,5.833333333333333,3
glcm_energy,0.0010229918035621205,0.1516,100.0,3.0,8.0,10.5,7.166666666666667,5
glcm_ASM,0.00980365503582183,0.5781,100.0,9.0,3.0,10.5,7.5,6
mean_L,0.0025537981738470382,0.1797,100.0,7.0,7.0,10.5,8.166666666666666,7
glcm_homogeneity,0.001655267029337721,0.0929,100.0,4.0,11.0,10.5,8.5,8
glcm_correlation,0.011208656934956854,0.2965,100.0,10.0,6.0,10.5,8.833333333333334,9
entropy,0.007227902557974259,0.0883,100.0,8.0,13.0,10.5,10.5,10
mean_b,0.034137327266309095,0.1463,100.0,12.0,9.0,10.5,10.5,10
mean_G,0.029853550589158135,0.0908,100.0,11.0,12.0,10.5,11.166666666666666,12
mean_H,0.3246524673583498,0.1406,100.0,18.0,10.0,10.5,12.833333333333334,13
mean_B,0.09721478597813295,0.0768,100.0,15.0,14.0,10.5,13.166666666666666,15
glcm_contrast,0.03769585617002441,0.0523,100.0,13.0,16.0,10.5,13.166666666666666,15
mean_a,0.08761521077539623,0.0619,100.0,14.0,15.0,10.5,13.166666666666666,15
mean_S,0.19456693608296488,0.0307,100.0,17.0,17.0,10.5,14.833333333333334,17
glcm_dissimilarity,0.1763785463413296,0.021,100.0,16.0,18.0,10.5,14.833333333333334,17
std_a,0.693300465287572,0.0021,100.0,19.0,20.0,10.5,16.5,19
std_b,0.9200405656877868,0.0031,100.0,20.0,19.0,10.5,16.5,19
