feature,fisher_score,anova_f_score,mutual_information,bhattacharyya_dist,fisher_score_norm,anova_f_score_norm,mutual_information_norm,bhattacharyya_dist_norm,composite_separability
mean_R,0.2796,644.3142,0.2932,0.1242,1.0,1.0,0.5461128048780489,1.0,0.8865282012195123
mean_V,0.2793,643.6993,0.2907,0.1242,0.998918139199423,0.9990376163812748,0.5365853658536587,1.0,0.8836352803585891
std_L,0.1912,440.7015,0.3819,0.0803,0.6812116840966463,0.6813245616451392,0.8841463414634148,0.618923611111111,0.7164015495790779
glcm_correlation,0.2421,557.8911,0.1981,0.0941,0.864767399927876,0.8647386961791383,0.1836890243902439,0.7387152777777778,0.662977599568759
glcm_energy,0.1538,354.4275,0.3713,0.0621,0.5463397042913811,0.5462966151141652,0.8437500000000001,0.46093749999999994,0.5993309548513865
variance,0.1037,239.0383,0.4123,0.0544,0.36566895059502347,0.3657002972449128,1.0,0.39409722222222215,0.5313666175155396
glcm_ASM,0.1068,246.2099,0.3714,0.0553,0.37684817886765243,0.37692461072686023,0.8441310975609757,0.4019097222222222,0.49995340234442764
mean_b,0.1362,313.8143,0.2686,0.0659,0.4828705373241976,0.4827326561224439,0.45236280487804886,0.49392361111111105,0.47797240235895033
mean_L,0.1387,319.6316,0.2396,0.0689,0.49188604399567254,0.49183734668222595,0.341844512195122,0.5199652777777778,0.4613832951626996
mean_a,0.0578,133.0912,0.3529,0.0705,0.20014424810674358,0.19988186580656792,0.7736280487804879,0.5338541666666665,0.42687708234011645
entropy,0.0793,182.8463,0.3465,0.038,0.27767760548142806,0.2777538664376187,0.7492378048780488,0.25173611111111105,0.3891013469770517
mean_G,0.0662,152.6703,0.2732,0.0508,0.2304363505228994,0.2305252307592141,0.46989329268292684,0.36284722222222215,0.3234255240468156
glcm_homogeneity,0.091,209.7608,0.2302,0.041,0.31987017670393075,0.3198779092188494,0.3060213414634146,0.27777777777777773,0.3058868012909931
mean_S,0.0298,68.6115,0.3376,0.0291,0.09917057338622431,0.09896430682085673,0.7153201219512196,0.17447916666666666,0.2719835422062418
mean_B,0.0512,117.907,0.2288,0.043,0.17634331049404978,0.17611698477965812,0.30068597560975613,0.29513888888888884,0.23707128994308824
glcm_dissimilarity,0.0217,49.9083,0.2705,0.0317,0.06996033177064552,0.06969181812718175,0.45960365853658547,0.19704861111111108,0.19907610488638094
glcm_contrast,0.0441,101.6491,0.1798,0.0479,0.15073927154706096,0.15067164954649492,0.11394817073170727,0.33767361111111105,0.18825817573409354
std_a,0.0043,9.8362,0.3084,0.0163,0.00721240533717995,0.006974737938667881,0.6040396341463415,0.06336805555555554,0.17039870824443623
mean_H,0.0073,16.7349,0.1909,0.0114,0.018031013342949875,0.01777193402014354,0.15624999999999994,0.020833333333333343,0.053221570174106676
std_b,0.0023,5.3798,0.1499,0.009,0.0,0.0,0.0,0.0,0.0
