feature,var_freshness,var_sample,var_residual,var_total,pct_freshness,pct_sample,pct_residual,converged
mean_L,31.49670917637088,144.30366245335497,75.95964241003601,251.76001403976187,12.51,57.32,30.17,True
mean_a,2.626222591536239,39.275142801968244,10.387606538777918,52.2889719322824,5.02,75.11,19.87,True
mean_b,1.171352597993135,5.463667653157802,3.9626034654778253,10.597623716628762,11.05,51.56,37.39,True
std_L,12.166333919118205,51.9779436719399,16.50359890829224,80.64787649935033,15.09,64.45,20.46,True
std_a,0.026967746720808778,13.004486670783493,2.1977154207176834,15.229169838221985,0.18,85.39,14.43,True
std_b,0.012400499670229215,2.094326281514231,1.2896232849709088,3.396350066155369,0.37,61.66,37.97,True
mean_R,65.60836557267893,138.29683481785563,97.66834292818638,301.5735433187209,21.76,45.86,32.39,True
mean_G,18.826679853927033,193.03422900440225,76.80113162923891,288.6620404875682,6.52,66.87,26.61,True
mean_B,14.299893547774564,165.19220815012477,87.7303597232007,267.22246142110004,5.35,61.82,32.83,True
mean_H,13.27650172738882,1471.450380225508,275.823149550556,1760.550031503453,0.75,83.58,15.67,True
mean_S,20.702971181350286,636.1656558676367,155.33096127607078,812.1995883250578,2.55,78.33,19.12,True
mean_V,65.56219535554872,138.3275195943561,97.67922890013669,301.56894385004153,21.74,45.87,32.39,True
glcm_contrast,26.910862294664433,508.4119912721054,153.4036120435323,688.7264656103021,3.91,73.82,22.27,True
glcm_dissimilarity,0.023847203506498185,1.0866557454204426,0.21914074940701483,1.3296436983339557,1.79,81.73,16.48,True
glcm_homogeneity,0.0008555768491483965,0.0094856937408861,0.0018687221221853501,0.012209992712219847,7.01,77.69,15.3,True
glcm_ASM,0.0006486787680507218,0.004878594066329491,0.002106430721483872,0.007633703555864085,8.5,63.91,27.59,True
glcm_energy,0.0021913426254687508,0.013127890372690406,0.0036531844424250925,0.018972417440584248,11.55,69.19,19.26,True
glcm_correlation,2.094447462800195e-05,0.0,6.585660966234065e-05,8.68010842903426e-05,24.13,0.0,75.87,True
entropy,0.04330138090476718,0.4881724093340771,0.11673051016146364,0.6482043004003079,6.68,75.31,18.01,True
variance,25423.838652681374,209194.95833332042,50646.50343962226,285265.30042562407,8.91,73.33,17.75,True
