fold_name,seed,label,precision,recall,f1,support
all,42,fresh,0.9452054794520548,0.971830985915493,0.9583333333333334,213
all,42,not fresh,0.9191489361702128,0.9310344827586208,0.925053533190578,232
all,42,spoiled,0.9819004524886876,0.9434782608695652,0.9623059866962306,230
all,123,fresh,0.8991228070175439,0.9624413145539906,0.9297052154195012,213
all,123,not fresh,0.9012875536480688,0.9051724137931034,0.9032258064516128,232
all,123,spoiled,0.9953271028037384,0.9260869565217392,0.9594594594594594,230
all,2026,fresh,0.8947368421052632,0.9577464788732394,0.9251700680272108,213
all,2026,not fresh,0.9047619047619048,0.9008620689655172,0.9028077753779696,232
all,2026,spoiled,0.9907407407407408,0.9304347826086956,0.9596412556053812,230
