fold,held_out_sample,held_out_cut,train_count,val_count,test_count,train_class_counts,val_class_counts,test_class_counts,train_fresh_count,val_fresh_count,test_fresh_count,train_not_fresh_count,val_not_fresh_count,test_not_fresh_count,train_spoiled_count,val_spoiled_count,test_spoiled_count
fold1,pork_shoulder_sample_1,shoulder,5234,924,600,"{""fresh"": 1642, ""not fresh"": 1805, ""spoiled"": 1787}","{""fresh"": 290, ""not fresh"": 319, ""spoiled"": 315}","{""fresh"": 200, ""not fresh"": 200, ""spoiled"": 200}",1642,290,200,1805,319,200,1787,315,200
fold2,pork_shoulder_sample_2,shoulder,5234,924,600,"{""fresh"": 1642, ""not fresh"": 1805, ""spoiled"": 1787}","{""fresh"": 290, ""not fresh"": 319, ""spoiled"": 315}","{""fresh"": 200, ""not fresh"": 200, ""spoiled"": 200}",1642,290,200,1805,319,200,1787,315,200
fold3,pork_belly_sample_3,belly,5304,936,518,"{""fresh"": 1712, ""not fresh"": 1805, ""spoiled"": 1787}","{""fresh"": 302, ""not fresh"": 319, ""spoiled"": 315}","{""fresh"": 118, ""not fresh"": 200, ""spoiled"": 200}",1712,302,118,1805,319,200,1787,315,200
fold4,pork_belly_sample_4,belly,5277,931,550,"{""fresh"": 1685, ""not fresh"": 1805, ""spoiled"": 1787}","{""fresh"": 297, ""not fresh"": 319, ""spoiled"": 315}","{""fresh"": 150, ""not fresh"": 200, ""spoiled"": 200}",1685,297,150,1805,319,200,1787,315,200
fold5,pork_ham_sample_5,ham,5234,924,600,"{""fresh"": 1642, ""not fresh"": 1805, ""spoiled"": 1787}","{""fresh"": 290, ""not fresh"": 319, ""spoiled"": 315}","{""fresh"": 200, ""not fresh"": 200, ""spoiled"": 200}",1642,290,200,1805,319,200,1787,315,200
fold6,pork_ham_sample_6,ham,5234,924,600,"{""fresh"": 1642, ""not fresh"": 1805, ""spoiled"": 1787}","{""fresh"": 290, ""not fresh"": 319, ""spoiled"": 315}","{""fresh"": 200, ""not fresh"": 200, ""spoiled"": 200}",1642,290,200,1805,319,200,1787,315,200
fold7,pork_loin_sample_7,loin,5279,932,547,"{""fresh"": 1687, ""not fresh"": 1805, ""spoiled"": 1787}","{""fresh"": 298, ""not fresh"": 319, ""spoiled"": 315}","{""fresh"": 147, ""not fresh"": 200, ""spoiled"": 200}",1687,298,147,1805,319,200,1787,315,200
fold8,pork_loin_sample_8,loin,5234,924,600,"{""fresh"": 1642, ""not fresh"": 1805, ""spoiled"": 1787}","{""fresh"": 290, ""not fresh"": 319, ""spoiled"": 315}","{""fresh"": 200, ""not fresh"": 200, ""spoiled"": 200}",1642,290,200,1805,319,200,1787,315,200
fold9,pork_hind_leg_sample_9,hind_leg,5234,924,600,"{""fresh"": 1642, ""not fresh"": 1805, ""spoiled"": 1787}","{""fresh"": 290, ""not fresh"": 319, ""spoiled"": 315}","{""fresh"": 200, ""not fresh"": 200, ""spoiled"": 200}",1642,290,200,1805,319,200,1787,315,200
fold10,pork_belly_sample_10,belly,5234,924,600,"{""fresh"": 1642, ""not fresh"": 1805, ""spoiled"": 1787}","{""fresh"": 290, ""not fresh"": 319, ""spoiled"": 315}","{""fresh"": 200, ""not fresh"": 200, ""spoiled"": 200}",1642,290,200,1805,319,200,1787,315,200
fold11,various_pork_meat_sample_11,various,5408,955,395,"{""fresh"": 1708, ""not fresh"": 1864, ""spoiled"": 1836}","{""fresh"": 302, ""not fresh"": 329, ""spoiled"": 324}","{""fresh"": 122, ""not fresh"": 131, ""spoiled"": 142}",1708,302,122,1864,329,131,1836,324,142
fold12,various_pork_meat_sample_12,various,5278,932,548,"{""fresh"": 1646, ""not fresh"": 1811, ""spoiled"": 1821}","{""fresh"": 291, ""not fresh"": 320, ""spoiled"": 321}","{""fresh"": 195, ""not fresh"": 193, ""spoiled"": 160}",1646,291,195,1811,320,193,1821,321,160
